,ds,result
0,2011-01-29,3579.4192391922593
1,2011-01-30,3456.9084905506206
2,2011-01-31,2039.4653394663692
3,2011-02-01,2012.6504109753769
4,2011-02-02,1983.4989976345864
5,2011-02-03,2032.5026445782187
6,2011-02-04,2453.7623627344788
7,2011-02-05,3611.0887996912743
8,2011-02-06,3528.1540577558
9,2011-02-07,2151.0899933865044
10,2011-02-08,2081.7666151421827
11,2011-02-09,2092.9136018036943
12,2011-02-10,2164.6151202673695
13,2011-02-11,2493.1227179597145
14,2011-02-12,3613.632152342927
15,2011-02-13,3458.572760398073
16,2011-02-14,2045.76299401159
17,2011-02-15,1944.659979800381
18,2011-02-16,1945.6733502568554
19,2011-02-17,2019.6414517104663
20,2011-02-18,2430.161139487946
21,2011-02-19,3519.103452253832
22,2011-02-20,3359.6737315050113
23,2011-02-21,2498.970613989012
24,2011-02-22,1847.3482352775532
25,2011-02-23,1833.9869730938349
26,2011-02-24,1895.099527748509
27,2011-02-25,2300.254314322075
28,2011-02-26,3422.6548069608994
29,2011-02-27,3300.421494614563
30,2011-02-28,1940.4999598756494
31,2011-03-01,1949.3558236944473
32,2011-03-02,1952.7027352414375
33,2011-03-03,2005.6620611539308
34,2011-03-04,2388.4977404157717
35,2011-03-05,3474.9319268841364
36,2011-03-06,3381.0475085211137
37,2011-03-07,2032.5861557689796
38,2011-03-08,1983.21437688394
39,2011-03-09,2014.4745553819662
40,2011-03-10,2100.912426194383
41,2011-03-11,2437.3184461826268
42,2011-03-12,3533.232943403924
43,2011-03-13,3426.9247191192644
44,2011-03-14,2098.689633341222
45,2011-03-15,2002.081471194914
46,2011-03-16,1979.2581643209585
47,2011-03-17,2025.6691845113564
48,2011-03-18,2423.1893955209252
49,2011-03-19,3525.3703844481415
50,2011-03-20,3435.507253329153
51,2011-03-21,2105.221461197503
52,2011-03-22,2007.3814992179548
53,2011-03-23,1978.290285619227
54,2011-03-24,2015.359115308889
55,2011-03-25,2397.231640865361
56,2011-03-26,3488.4041804571452
57,2011-03-27,3372.042807390118
58,2011-03-28,2054.1111711381936
59,2011-03-29,1974.8601959325229
60,2011-03-30,1977.807211855782
61,2011-03-31,2044.122589932214
62,2011-04-01,2511.582504800469
63,2011-04-02,3580.118979980715
64,2011-04-03,3444.4066729321617
65,2011-04-04,2085.2574562062396
66,2011-04-05,1981.2822651275567
67,2011-04-06,1973.9790792567549
68,2011-04-07,2041.8591041878087
69,2011-04-08,2438.9370313232457
70,2011-04-09,3522.4836009584583
71,2011-04-10,3405.2489120325145
72,2011-04-11,2016.1709112752028
73,2011-04-12,1932.2992363129215
74,2011-04-13,1920.9228919598045
75,2011-04-14,1958.5247693270499
76,2011-04-15,2309.3179846973026
77,2011-04-16,3354.5497050476415
78,2011-04-17,2981.0430991848143
79,2011-04-18,1925.3241789874462
80,2011-04-19,1863.358573054399
81,2011-04-20,1872.9053240020444
82,2011-04-21,1924.2446115299535
83,2011-04-22,2202.175092223204
84,2011-04-23,2955.517530786811
85,2011-04-24,2823.030383948826
86,2011-04-25,1888.4652141294143
87,2011-04-26,1896.6622839532952
88,2011-04-27,1820.2700735390263
89,2011-04-28,1879.818118434805
90,2011-04-29,2255.8505407267457
91,2011-04-30,3316.269743339736
92,2011-05-01,3271.7467125475596
93,2011-05-02,1992.7925091570946
94,2011-05-03,1896.1013333311614
95,2011-05-04,1933.6100931472656
96,2011-05-05,1881.0990451701268
97,2011-05-06,2253.461532649545
98,2011-05-07,2985.2254163613775
99,2011-05-08,2496.6225878724117
100,2011-05-09,1968.2388737929411
101,2011-05-10,1892.5452230816372
102,2011-05-11,1826.0476781275843
103,2011-05-12,1890.5854862400586
104,2011-05-13,2263.221989550108
105,2011-05-14,3287.4270824747164
106,2011-05-15,2935.8187528214876
107,2011-05-16,1895.2291302095064
108,2011-05-17,1809.5320941910052
109,2011-05-18,1815.8659689737597
110,2011-05-19,1894.1989969274891
111,2011-05-20,2281.181898562037
112,2011-05-21,3307.7326204818364
113,2011-05-22,2959.5335336964627
114,2011-05-23,1922.8486279328274
115,2011-05-24,1827.811193374928
116,2011-05-25,1818.1541578631993
117,2011-05-26,1875.9299170918805
118,2011-05-27,2240.4478119028354
119,2011-05-28,2672.7357071124684
120,2011-05-29,2439.690015826627
121,2011-05-30,2498.290721415095
122,2011-05-31,1881.881887699602
123,2011-06-01,1975.611106067582
124,2011-06-02,2002.7132063349127
125,2011-06-03,2340.1663533209075
126,2011-06-04,3334.1379370548484
127,2011-06-05,2983.26326141735
128,2011-06-06,2017.4816653196583
129,2011-06-07,1951.3808572580874
130,2011-06-08,2005.5378559512271
131,2011-06-09,2073.4811852398766
132,2011-06-10,2456.189465660923
133,2011-06-11,3412.4926778819818
134,2011-06-12,3352.4959059964485
135,2011-06-13,2134.7727301893524
136,2011-06-14,2036.1536892371541
137,2011-06-15,2034.7805251662996
138,2011-06-16,2088.2432976495284
139,2011-06-17,2450.082655489781
140,2011-06-18,3305.8480264190957
141,2011-06-19,2797.133969385461
142,2011-06-20,2200.10122489594
143,2011-06-21,2125.4056104015017
144,2011-06-22,2103.1879802669987
145,2011-06-23,2129.714744889306
146,2011-06-24,2459.1840168219073
147,2011-06-25,3449.9994282938655
148,2011-06-26,3344.201732083271
149,2011-06-27,2113.7173526136453
150,2011-06-28,2029.6743969308004
151,2011-06-29,2017.3844243046892
152,2011-06-30,2063.9656135077053
153,2011-07-01,2476.652381158859
154,2011-07-02,3456.925576917496
155,2011-07-03,3325.714173072382
156,2011-07-04,1987.3547568791212
157,2011-07-05,1994.3342353223932
158,2011-07-06,1984.767798400207
159,2011-07-07,2049.5618335262566
160,2011-07-08,2420.085722215136
161,2011-07-09,3430.9500946658723
162,2011-07-10,3349.663160695245
163,2011-07-11,2098.0465720829466
164,2011-07-12,2043.2264580463675
165,2011-07-13,2056.383290429874
166,2011-07-14,2115.2592694590917
167,2011-07-15,2453.916921044038
168,2011-07-16,3419.5772679507545
169,2011-07-17,3317.5609768338236
170,2011-07-18,2124.373470476877
171,2011-07-19,2071.927329229127
172,2011-07-20,2088.7516298025143
173,2011-07-21,2144.3692511984113
174,2011-07-22,2470.0404544968505
175,2011-07-23,3405.0680892183036
176,2011-07-24,3288.051322469275
177,2011-07-25,2086.7338647936044
178,2011-07-26,2011.8148214127732
179,2011-07-27,2010.4072636396145
180,2011-07-28,2060.789975061835
181,2011-07-29,2399.114634563432
182,2011-07-30,3311.0531517886698
183,2011-07-31,2969.1939433110724
184,2011-08-01,2150.359557264619
185,2011-08-02,2007.482552853906
186,2011-08-03,2045.2725603450058
187,2011-08-04,2146.7139111664355
188,2011-08-05,2475.664520578238
189,2011-08-06,3368.640040584286
190,2011-08-07,2900.3299315636586
191,2011-08-08,2030.1514963028835
192,2011-08-09,2090.586316636799
193,2011-08-10,2187.0001601207628
194,2011-08-11,2169.0065065712934
195,2011-08-12,2529.7244074903488
196,2011-08-13,3462.7951301256007
197,2011-08-14,3390.9605223795584
198,2011-08-15,2173.627724010169
199,2011-08-16,2064.577768686563
200,2011-08-17,1912.5265742152276
201,2011-08-18,2162.9604465493157
202,2011-08-19,2589.2961470630394
203,2011-08-20,3401.9803322181406
204,2011-08-21,3331.471445961306
205,2011-08-22,2184.2839143795977
206,2011-08-23,2122.228442201891
207,2011-08-24,2151.7248112398242
208,2011-08-25,2110.743609772391
209,2011-08-26,2368.897863155596
210,2011-08-27,3449.166592231611
211,2011-08-28,3347.313453188809
212,2011-08-29,2202.1945084166427
213,2011-08-30,1879.737812282262
214,2011-08-31,2071.339003085265
215,2011-09-01,2239.023470067716
216,2011-09-02,2584.5625157884715
217,2011-09-03,3574.8058941460586
218,2011-09-04,3469.8217595909264
219,2011-09-05,3281.0132372510107
220,2011-09-06,2174.6946959992683
221,2011-09-07,2202.9647797523457
222,2011-09-08,2286.7565374012574
223,2011-09-09,2667.733795925472
224,2011-09-10,3701.7410731987147
225,2011-09-11,3540.9938118904865
226,2011-09-12,2312.3008268562216
227,2011-09-13,2239.836237480471
228,2011-09-14,2229.083935321049
229,2011-09-15,2269.506551319208
230,2011-09-16,2622.685990294729
231,2011-09-17,3652.05889524944
232,2011-09-18,3578.3842048967613
233,2011-09-19,2347.6634149801853
234,2011-09-20,2282.836048664637
235,2011-09-21,2272.909060803285
236,2011-09-22,2309.862404558114
237,2011-09-23,2659.448264598716
238,2011-09-24,3679.429754661503
239,2011-09-25,3593.5660055304093
240,2011-09-26,2342.1433907425517
241,2011-09-27,2273.1999690178386
242,2011-09-28,2277.1520278077746
243,2011-09-29,2340.0024929575884
244,2011-09-30,2716.5675051036887
245,2011-10-01,3815.187133963295
246,2011-10-02,3716.0705975305827
247,2011-10-03,2417.7610485009586
248,2011-10-04,2307.8301635778325
249,2011-10-05,2281.7906289485722
250,2011-10-06,2331.189897102857
251,2011-10-07,2710.136000024013
252,2011-10-08,3755.2896785553626
253,2011-10-09,3668.1187043186906
254,2011-10-10,2443.0707175733332
255,2011-10-11,2225.5892927201894
256,2011-10-12,2218.6070060195307
257,2011-10-13,2264.9764557868357
258,2011-10-14,2621.0808919754368
259,2011-10-15,3638.6556416258627
260,2011-10-16,3503.5054622853486
261,2011-10-17,2206.2564261879284
262,2011-10-18,2134.848500452749
263,2011-10-19,2152.678812066665
264,2011-10-20,2224.1349232257817
265,2011-10-21,2600.66808618057
266,2011-10-22,3639.073204339955
267,2011-10-23,3503.323394823841
268,2011-10-24,2193.0911009983442
269,2011-10-25,2113.7524222411926
270,2011-10-26,2120.4521162120586
271,2011-10-27,2186.0271340634313
272,2011-10-28,2573.5565258063816
273,2011-10-29,3650.4013315180878
274,2011-10-30,3532.7678633379965
275,2011-10-31,2229.4472970145553
276,2011-11-01,2219.4405559553666
277,2011-11-02,2194.1131072186686
278,2011-11-03,2218.5245448455858
279,2011-11-04,2574.7017624436758
280,2011-11-05,3636.2820531275993
281,2011-11-06,3524.679316124255
282,2011-11-07,2210.6359200436
283,2011-11-08,2140.039810794873
284,2011-11-09,2143.4151629320527
285,2011-11-10,2204.5372341583557
286,2011-11-11,2712.357539204654
287,2011-11-12,3620.900631252583
288,2011-11-13,3464.3821480830757
289,2011-11-14,2120.079444406296
290,2011-11-15,2009.8803810457307
291,2011-11-16,1988.6016922438598
292,2011-11-17,2048.9011607635466
293,2011-11-18,2462.9755816260795
294,2011-11-19,3573.2410570386464
295,2011-11-20,3461.9996184451393
296,2011-11-21,2101.9138832659305
297,2011-11-22,1988.5041275243902
298,2011-11-23,1959.7939990530563
299,2011-11-24,1214.9848015243397
300,2011-11-25,2409.630940611003
301,2011-11-26,3524.8563420748624
302,2011-11-27,3414.1971535336515
303,2011-11-28,2043.498598675773
304,2011-11-29,1961.6875098810697
305,2011-11-30,1966.7127041874487
306,2011-12-01,2114.32434284575
307,2011-12-02,2512.353920198521
308,2011-12-03,3619.2461333289893
309,2011-12-04,3462.6552603983387
310,2011-12-05,2087.4784733206243
311,2011-12-06,2014.8088280646102
312,2011-12-07,2044.5641279014874
313,2011-12-08,2145.9516293960733
314,2011-12-09,2591.5824406668357
315,2011-12-10,3739.2937389497793
316,2011-12-11,3578.3910157694063
317,2011-12-12,2216.7496402970305
318,2011-12-13,2148.8350186765424
319,2011-12-14,2151.6175316165663
320,2011-12-15,2206.373582815345
321,2011-12-16,2609.578199240475
322,2011-12-17,3734.615118736805
323,2011-12-18,3636.8881248419293
324,2011-12-19,2270.179067159388
325,2011-12-20,2193.814804901368
326,2011-12-21,2177.4102985630925
327,2011-12-22,2203.8010277890394
328,2011-12-23,2575.447246421269
329,2011-12-24,3660.2487940416513
330,2011-12-25,836.9741639023193
331,2011-12-26,2660.351160044473
332,2011-12-27,2000.5641257053544
333,2011-12-28,1974.1530822538973
334,2011-12-29,2015.6231903505272
335,2011-12-30,2420.5071695531046
336,2011-12-31,3557.446343153308
337,2012-01-01,2929.2641949090266
338,2012-01-02,2997.6502668407707
339,2012-01-03,1919.6769971561953
340,2012-01-04,1884.6993576427071
341,2012-01-05,1938.997572592328
342,2012-01-06,2379.3664238892666
343,2012-01-07,3571.8782754527992
344,2012-01-08,3491.1016915831465
345,2012-01-09,2082.64136271921
346,2012-01-10,2020.4371779207745
347,2012-01-11,1958.498254900672
348,2012-01-12,2048.5339149414867
349,2012-01-13,2493.212316243841
350,2012-01-14,3675.0458990978195
351,2012-01-15,3518.78507681037
352,2012-01-16,2637.9957589497208
353,2012-01-17,2018.0930301037877
354,2012-01-18,2049.4331212408424
355,2012-01-19,2148.2899756238317
356,2012-01-20,2596.4773197490263
357,2012-01-21,3764.8759493216266
358,2012-01-22,3620.8951041766136
359,2012-01-23,2133.920236965527
360,2012-01-24,2032.4479125016985
361,2012-01-25,2033.281399653112
362,2012-01-26,2107.104427875331
363,2012-01-27,2548.845049598677
364,2012-01-28,3745.284173469226
365,2012-01-29,3629.744258075851
366,2012-01-30,2165.0920365943402
367,2012-01-31,2080.785682149507
368,2012-02-01,2162.300432591705
369,2012-02-02,2210.5850418844093
370,2012-02-03,2629.7448323178282
371,2012-02-04,3820.393359298295
372,2012-02-05,3723.612184407074
373,2012-02-06,2251.71567512913
374,2012-02-07,2193.4857967521257
375,2012-02-08,2220.5565671161353
376,2012-02-09,2309.676567840785
377,2012-02-10,2771.0086898886852
378,2012-02-11,3897.288176244724
379,2012-02-12,3767.689567263861
380,2012-02-13,2274.5741790556317
381,2012-02-14,2155.11417060315
382,2012-02-15,2126.332065361535
383,2012-02-16,2182.6090960205156
384,2012-02-17,2639.611320406669
385,2012-02-18,3876.876997257411
386,2012-02-19,3764.7451497192937
387,2012-02-20,2840.7857986098434
388,2012-02-21,2119.135576427564
389,2012-02-22,2081.4509112602764
390,2012-02-23,2127.9161377555006
391,2012-02-24,2574.955880236491
392,2012-02-25,3785.539476544027
393,2012-02-26,3664.5304766751533
394,2012-02-27,2184.6611677463707
395,2012-02-28,2100.0744366665062
396,2012-02-29,2114.0559127043684
397,2012-03-01,2292.669718561314
398,2012-03-02,2754.7158973166593
399,2012-03-03,3976.715414029507
400,2012-03-04,3826.2273926588646
401,2012-03-05,2296.2390393679348
402,2012-03-06,2203.87400669587
403,2012-03-07,2225.394404168122
404,2012-03-08,2330.9624727608602
405,2012-03-09,2821.563100099868
406,2012-03-10,4065.2934434955496
407,2012-03-11,3874.3928146445205
408,2012-03-12,2370.4980810878164
409,2012-03-13,2285.1896715442863
410,2012-03-14,2281.6926785347746
411,2012-03-15,2335.257204483306
412,2012-03-16,2769.606278375391
413,2012-03-17,3988.2139150246444
414,2012-03-18,3867.3677290574715
415,2012-03-19,2367.5561048825502
416,2012-03-20,2300.5112968709373
417,2012-03-21,2310.4256677493727
418,2012-03-22,2369.9549928331776
419,2012-03-23,2806.0305961846725
420,2012-03-24,4037.8539600232957
421,2012-03-25,3896.0528190452997
422,2012-03-26,2375.7990221881896
423,2012-03-27,2296.3275323416874
424,2012-03-28,2307.7876524209696
425,2012-03-29,2389.4680392386526
426,2012-03-30,2865.078829538719
427,2012-03-31,4123.636195181428
428,2012-04-01,4079.0083016618887
429,2012-04-02,2548.2790778659605
430,2012-04-03,2423.7049484974796
431,2012-04-04,2386.52922421462
432,2012-04-05,2433.357732193955
433,2012-04-06,2894.754685988247
434,2012-04-07,4170.46879053181
435,2012-04-08,4050.0056086371296
436,2012-04-09,2505.6815909553893
437,2012-04-10,2410.225428374349
438,2012-04-11,2311.673515453368
439,2012-04-12,2378.8527756893686
440,2012-04-13,2739.109208453493
441,2012-04-14,4005.217076019695
442,2012-04-15,3738.6848080005293
443,2012-04-16,2318.2822198767003
444,2012-04-17,2208.5121903085833
445,2012-04-18,2218.3458488543133
446,2012-04-19,2314.43311127838
447,2012-04-20,2794.603116093788
448,2012-04-21,4033.994636504006
449,2012-04-22,3868.201637896501
450,2012-04-23,2315.3655677711263
451,2012-04-24,2203.5960859287875
452,2012-04-25,2203.722839836454
453,2012-04-26,2285.564091586338
454,2012-04-27,2755.149711227594
455,2012-04-28,4000.4485897081413
456,2012-04-29,3868.6320421156843
457,2012-04-30,2349.670753554751
458,2012-05-01,2353.54114962316
459,2012-05-02,2346.645556669354
460,2012-05-03,2393.7491692324506
461,2012-05-04,2900.3600465972213
462,2012-05-05,4010.078507954274
463,2012-05-06,3845.0518871827567
464,2012-05-07,2357.7636994081618
465,2012-05-08,2285.2361360137543
466,2012-05-09,2306.6707496186646
467,2012-05-10,2393.811617131372
468,2012-05-11,2770.6116837635477
469,2012-05-12,3892.720419803656
470,2012-05-13,3293.773320412151
471,2012-05-14,2389.0478468262686
472,2012-05-15,2267.9311589818863
473,2012-05-16,2248.1400138844474
474,2012-05-17,2309.418920073353
475,2012-05-18,2776.0540381180454
476,2012-05-19,4015.2814027093923
477,2012-05-20,3913.3611224442475
478,2012-05-21,2440.145006728509
479,2012-05-22,2336.1630771214677
480,2012-05-23,2309.6361491325374
481,2012-05-24,2357.7115746109857
482,2012-05-25,2802.8273450059773
483,2012-05-26,3579.6635801233338
484,2012-05-27,3299.6377465787637
485,2012-05-28,3349.558944151684
486,2012-05-29,2318.308942868201
487,2012-05-30,2322.5639214839075
488,2012-05-31,2401.127684588313
489,2012-06-01,2947.2880533942307
490,2012-06-02,4140.064069432994
491,2012-06-03,3998.4322701167957
492,2012-06-04,2481.6558008859456
493,2012-06-05,2378.1677650267525
494,2012-06-06,2391.1162112314405
495,2012-06-07,2495.257528199608
496,2012-06-08,2986.973195896856
497,2012-06-09,4235.783274631453
498,2012-06-10,4133.137323493694
499,2012-06-11,2624.4951435923285
500,2012-06-12,2583.466655748191
501,2012-06-13,2632.4479573657177
502,2012-06-14,2687.6216689438147
503,2012-06-15,3361.0933100818347
504,2012-06-16,4103.962486600303
505,2012-06-17,3753.4284514618007
506,2012-06-18,2786.9790525321373
507,2012-06-19,2707.0448880523745
508,2012-06-20,2755.8495447842306
509,2012-06-21,2798.4522538688525
510,2012-06-22,3449.9571324046765
511,2012-06-23,4339.396777822271
512,2012-06-24,4180.0276451341215
513,2012-06-25,2698.8139467103833
514,2012-06-26,2604.2171989769995
515,2012-06-27,2597.712438157836
516,2012-06-28,2656.607020358196
517,2012-06-29,3321.0074109233774
518,2012-06-30,4270.210743693804
519,2012-07-01,4237.410141873468
520,2012-07-02,2757.785517068067
521,2012-07-03,2641.1963685605897
522,2012-07-04,2473.4401029708665
523,2012-07-05,2644.54410311146
524,2012-07-06,3307.628202664531
525,2012-07-07,4278.419275817359
526,2012-07-08,4186.233208186963
527,2012-07-09,2751.913857141946
528,2012-07-10,2686.22978568883
529,2012-07-11,2617.318677556758
530,2012-07-12,2703.1584919076663
531,2012-07-13,3400.876245119712
532,2012-07-14,4125.5604428135575
533,2012-07-15,4057.0265921274704
534,2012-07-16,2723.1811520845945
535,2012-07-17,2617.874678796645
536,2012-07-18,2530.6046978544928
537,2012-07-19,2607.76218429784
538,2012-07-20,3388.785217376565
539,2012-07-21,4230.310316714808
540,2012-07-22,4169.296025604598
541,2012-07-23,2740.462923498859
542,2012-07-24,2604.199635060475
543,2012-07-25,2434.748477635691
544,2012-07-26,2310.6396808139966
545,2012-07-27,2808.384036667048
546,2012-07-28,4122.559280526388
547,2012-07-29,4078.2855612720696
548,2012-07-30,2608.0689884032895
549,2012-07-31,2528.4961834593023
550,2012-08-01,2564.944258994166
551,2012-08-02,2643.8973899062976
552,2012-08-03,3298.820657327795
553,2012-08-04,4179.441422917747
554,2012-08-05,3870.270301749425
555,2012-08-06,2674.8510897450474
556,2012-08-07,2695.096524499544
557,2012-08-08,2499.903943647751
558,2012-08-09,2629.646037097234
559,2012-08-10,3443.9221842124807
560,2012-08-11,4346.383345464796
561,2012-08-12,4304.674494960817
562,2012-08-13,2770.3157125231087
563,2012-08-14,2556.240049266135
564,2012-08-15,2610.2702364744723
565,2012-08-16,2665.6363006975234
566,2012-08-17,3386.078991591939
567,2012-08-18,4241.695085119772
568,2012-08-19,4249.6389627467215
569,2012-08-20,2755.2079179911466
570,2012-08-21,2649.53041412824
571,2012-08-22,2611.85727107385
572,2012-08-23,2636.4572592133522
573,2012-08-24,3268.4685333401408
574,2012-08-25,4177.950355851402
575,2012-08-26,4061.9357220477777
576,2012-08-27,2628.4681652218164
577,2012-08-28,2536.8549660841627
578,2012-08-29,2533.972766724535
579,2012-08-30,2602.863919860307
580,2012-08-31,3259.549003598132
581,2012-09-01,4260.243632299234
582,2012-09-02,4115.977967250192
583,2012-09-03,3911.8394473821854
584,2012-09-04,2562.2787640316255
585,2012-09-05,2551.428875272463
586,2012-09-06,2627.0177302381544
587,2012-09-07,3303.611522523301
588,2012-09-08,4247.510454301386
589,2012-09-09,4126.370208962788
590,2012-09-10,2729.010935007462
591,2012-09-11,2563.281730596469
592,2012-09-12,2564.113628453369
593,2012-09-13,2620.8138415458047
594,2012-09-14,3018.6619611052142
595,2012-09-15,4143.3261541340735
596,2012-09-16,3995.01876907852
597,2012-09-17,2595.3974023847736
598,2012-09-18,2529.818256454353
599,2012-09-19,2551.6216956171525
600,2012-09-20,2624.5795020999244
601,2012-09-21,3243.485868810319
602,2012-09-22,4133.864973563741
603,2012-09-23,3984.2057822647707
604,2012-09-24,2596.088970202653
605,2012-09-25,2517.0420855182797
606,2012-09-26,2525.484614476885
607,2012-09-27,2594.877055235013
608,2012-09-28,3010.899723951357
609,2012-09-29,4157.184048112673
610,2012-09-30,4038.976658207837
611,2012-10-01,2719.2804349216613
612,2012-10-02,2614.355460972855
613,2012-10-03,2576.5809528467366
614,2012-10-04,2596.891087132505
615,2012-10-05,2973.7794666030545
616,2012-10-06,4095.6394017933158
617,2012-10-07,3942.631597885715
618,2012-10-08,2647.5682827370547
619,2012-10-09,2495.023133075464
620,2012-10-10,2484.9552272352353
621,2012-10-11,2458.7034137274027
622,2012-10-12,2862.167193137382
623,2012-10-13,4004.505438985023
624,2012-10-14,3833.901043471449
625,2012-10-15,2417.18406029697
626,2012-10-16,2301.609746261138
627,2012-10-17,2287.429243576819
628,2012-10-18,2361.117618773277
629,2012-10-19,2798.15395837021
630,2012-10-20,3931.755334564634
631,2012-10-21,3825.519433088281
632,2012-10-22,2410.650587344247
633,2012-10-23,2299.1895359820473
634,2012-10-24,2283.4846606241454
635,2012-10-25,2348.419528862898
636,2012-10-26,2775.28562721993
637,2012-10-27,3923.170278806554
638,2012-10-28,3798.3753709690654
639,2012-10-29,2401.833403608011
640,2012-10-30,2317.4203023371465
641,2012-10-31,2316.5297551863378
642,2012-11-01,2455.47611985913
643,2012-11-02,2848.420144879625
644,2012-11-03,3977.9129206895864
645,2012-11-04,3791.9857833140877
646,2012-11-05,2359.9767896484136
647,2012-11-06,2269.9123972235816
648,2012-11-07,2277.478520751819
649,2012-11-08,2353.1502556735404
650,2012-11-09,2781.4115196369758
651,2012-11-10,3953.0108959642457
652,2012-11-11,3925.6287134508907
653,2012-11-12,2480.271202344871
654,2012-11-13,2200.662773646582
655,2012-11-14,2174.8914968641952
656,2012-11-15,2211.126028762827
657,2012-11-16,2619.2057329535573
658,2012-11-17,3787.085164116154
659,2012-11-18,3697.8902167854376
660,2012-11-19,2268.876652916141
661,2012-11-20,2184.727966132311
662,2012-11-21,2165.191772547571
663,2012-11-22,1348.6304133326603
664,2012-11-23,2604.19287401822
665,2012-11-24,3759.3156187314744
666,2012-11-25,3636.468603251123
667,2012-11-26,2202.695472052095
668,2012-11-27,2114.0269056189973
669,2012-11-28,2111.960928081095
670,2012-11-29,2181.667710341832
671,2012-11-30,2623.7306685951653
672,2012-12-01,3900.4755467100713
673,2012-12-02,3764.969988707281
674,2012-12-03,2286.87079464909
675,2012-12-04,2170.815034396266
676,2012-12-05,2157.477734349468
677,2012-12-06,2235.9568849109414
678,2012-12-07,2705.811381083225
679,2012-12-08,3930.9735440317995
680,2012-12-09,3828.9636756445507
681,2012-12-10,2409.884988525452
682,2012-12-11,2256.189092988629
683,2012-12-12,2278.4052062739797
684,2012-12-13,2362.1598333266415
685,2012-12-14,2804.6942392709907
686,2012-12-15,3989.565117184118
687,2012-12-16,3842.3594696721243
688,2012-12-17,2371.5428194326796
689,2012-12-18,2295.1612246171007
690,2012-12-19,2316.7852493121604
691,2012-12-20,2395.2874146134773
692,2012-12-21,2824.088151886366
693,2012-12-22,3994.413197730419
694,2012-12-23,3808.6826998922634
695,2012-12-24,2290.765511863292
696,2012-12-25,-448.7101509174074
697,2012-12-26,2155.185905916283
698,2012-12-27,2206.3696908144184
699,2012-12-28,2632.9922206842452
700,2012-12-29,3840.36524535406
701,2012-12-30,3663.65835608352
702,2012-12-31,2179.1473740217593
703,2013-01-01,1797.8650741871104
704,2013-01-02,2125.6199619690015
705,2013-01-03,2155.1073978326403
706,2013-01-04,2574.2893997151473
707,2013-01-05,3793.767888897843
708,2013-01-06,3664.7173829128233
709,2013-01-07,2199.3266188584544
710,2013-01-08,2139.7730684618673
711,2013-01-09,2167.4826116230975
712,2013-01-10,2263.2061593341336
713,2013-01-11,2649.818107096819
714,2013-01-12,3922.7624958407637
715,2013-01-13,3771.933269839855
716,2013-01-14,2258.1150626101617
717,2013-01-15,2149.2803543584623
718,2013-01-16,2140.7232302971242
719,2013-01-17,2223.313635082902
720,2013-01-18,2710.0289448385247
721,2013-01-19,3971.0957163362305
722,2013-01-20,3841.73508399199
723,2013-01-21,2892.7763979804495
724,2013-01-22,2184.4590478162677
725,2013-01-23,2154.225612393681
726,2013-01-24,2211.9329900917223
727,2013-01-25,2674.215782960041
728,2013-01-26,3922.737893413585
729,2013-01-27,3785.6493391383715
730,2013-01-28,2263.326995157976
731,2013-01-29,2173.071776179758
732,2013-01-30,2182.1381936608077
733,2013-01-31,2261.7291918180767
734,2013-02-01,2813.083472906537
735,2013-02-02,4038.935321716308
736,2013-02-03,3863.747095684834
737,2013-02-04,2326.82651532173
738,2013-02-05,2238.948018276379
739,2013-02-06,2265.6432552161837
740,2013-02-07,2372.098313882776
741,2013-02-08,2868.1531286343493
742,2013-02-09,4154.541163320269
743,2013-02-10,4008.1322063181833
744,2013-02-11,2390.656433333103
745,2013-02-12,2294.6470888111303
746,2013-02-13,2279.6963206185123
747,2013-02-14,2324.487854098758
748,2013-02-15,2767.9945102616152
749,2013-02-16,4037.7831116197026
750,2013-02-17,3879.138895618384
751,2013-02-18,2984.731704552671
752,2013-02-19,2275.377956486786
753,2013-02-20,2265.137793409611
754,2013-02-21,2308.6029822232913
755,2013-02-22,2750.0014346037146
756,2013-02-23,3986.346277296445
757,2013-02-24,3864.3638003691767
758,2013-02-25,2309.1890021763447
759,2013-02-26,2223.0398752852902
760,2013-02-27,2231.4249732440308
761,2013-02-28,2316.046831160984
762,2013-03-01,2906.63276532246
763,2013-03-02,4216.52292809551
764,2013-03-03,4082.072320854001
765,2013-03-04,2482.7155324271544
766,2013-03-05,2357.7269798347365
767,2013-03-06,2333.1143388718287
768,2013-03-07,2402.2476778832292
769,2013-03-08,2900.2923902212992
770,2013-03-09,4213.876561618007
771,2013-03-10,4093.2618922845672
772,2013-03-11,2440.2170067029633
773,2013-03-12,2352.1332015037633
774,2013-03-13,2358.7096190770085
775,2013-03-14,2437.4225227111524
776,2013-03-15,2914.0820672801765
777,2013-03-16,4158.772287558603
778,2013-03-17,4004.976433178829
779,2013-03-18,2404.875550959094
780,2013-03-19,2310.9888563771733
781,2013-03-20,2337.7064698597073
782,2013-03-21,2444.939552345512
783,2013-03-22,2947.8138493566926
784,2013-03-23,4234.968177588243
785,2013-03-24,4052.591550264744
786,2013-03-25,2457.0142565416863
787,2013-03-26,2358.002497252983
788,2013-03-27,2374.274128658093
789,2013-03-28,2471.4078068979834
790,2013-03-29,2979.269580650266
791,2013-03-30,4303.641238696545
792,2013-03-31,4168.829236387585
793,2013-04-01,2676.0621971074634
794,2013-04-02,2688.1201926230124
795,2013-04-03,2571.609809761555
796,2013-04-04,2617.0370269959985
797,2013-04-05,3307.523416349249
798,2013-04-06,4366.415461834095
799,2013-04-07,4195.275323726159
800,2013-04-08,2598.109840298095
801,2013-04-09,2512.8520782658566
802,2013-04-10,2522.6032027689944
803,2013-04-11,2502.3114579393946
804,2013-04-12,2998.730990983939
805,2013-04-13,4296.999750591067
806,2013-04-14,4166.524454923354
807,2013-04-15,2514.5455702740283
808,2013-04-16,2376.2056677752535
809,2013-04-17,2343.2574266204383
810,2013-04-18,2408.6130747091843
811,2013-04-19,2920.9552947336456
812,2013-04-20,4263.622263380279
813,2013-04-21,4146.257415344628
814,2013-04-22,2518.2203593418967
815,2013-04-23,2392.6856180095765
816,2013-04-24,2364.2513875053282
817,2013-04-25,2426.678244599087
818,2013-04-26,2925.604680525783
819,2013-04-27,4248.760302010794
820,2013-04-28,4103.645845622954
821,2013-04-29,2503.7473898568037
822,2013-04-30,2405.5277874053513
823,2013-05-01,2511.309277086556
824,2013-05-02,2594.203646127585
825,2013-05-03,2982.6458387072016
826,2013-05-04,4280.302663198626
827,2013-05-05,3994.8386515616467
828,2013-05-06,2528.212354708355
829,2013-05-07,2409.7148890739204
830,2013-05-08,2417.1172818505534
831,2013-05-09,2516.9581552207433
832,2013-05-10,3257.7400614813723
833,2013-05-11,4158.617837700155
834,2013-05-12,3496.04529011987
835,2013-05-13,2547.53770121463
836,2013-05-14,2442.260181765601
837,2013-05-15,2442.6322484546463
838,2013-05-16,2506.8146230716543
839,2013-05-17,2979.889984389636
840,2013-05-18,4270.163263804822
841,2013-05-19,4144.10986703899
842,2013-05-20,2578.185676485476
843,2013-05-21,2514.752409093598
844,2013-05-22,2531.961426296726
845,2013-05-23,2599.5233482697477
846,2013-05-24,3311.4595690570977
847,2013-05-25,3865.1447042145173
848,2013-05-26,3532.200093162569
849,2013-05-27,3597.709100874315
850,2013-05-28,2509.9812023782024
851,2013-05-29,2515.7675748411025
852,2013-05-30,2595.2493430720765
853,2013-05-31,3325.3631530946323
854,2013-06-01,4488.110452802384
855,2013-06-02,4370.426960582469
856,2013-06-03,2753.9073055296626
857,2013-06-04,2629.918285016791
858,2013-06-05,2631.2985750964453
859,2013-06-06,2716.3976763074165
860,2013-06-07,3447.88108252904
861,2013-06-08,4529.435096900934
862,2013-06-09,4438.494947161203
863,2013-06-10,2929.824694206308
864,2013-06-11,2741.984620909788
865,2013-06-12,2803.1308791052174
866,2013-06-13,2884.5620162392083
867,2013-06-14,3611.833498917615
868,2013-06-15,4436.686500894347
869,2013-06-16,4033.9454204559474
870,2013-06-17,2985.7881364485147
871,2013-06-18,2870.1474989863723
872,2013-06-19,2927.9873577304065
873,2013-06-20,3016.614738500161
874,2013-06-21,3757.6107292696133
875,2013-06-22,4751.711917816766
876,2013-06-23,4582.6860816107055
877,2013-06-24,2982.771816390813
878,2013-06-25,2861.3104703112076
879,2013-06-26,2854.021314421053
880,2013-06-27,2929.9759212101485
881,2013-06-28,3636.9985281679237
882,2013-06-29,4696.843169403188
883,2013-06-30,4535.1666398457
884,2013-07-01,3280.219815897838
885,2013-07-02,2965.386474006252
886,2013-07-03,2957.2720440634384
887,2013-07-04,2864.693984640296
888,2013-07-05,3673.141585094961
889,2013-07-06,4456.3810786740105
890,2013-07-07,4313.838289857268
891,2013-07-08,2889.1426963179697
892,2013-07-09,2905.958277935026
893,2013-07-10,2842.008245607509
894,2013-07-11,2920.9257330853693
895,2013-07-12,3749.897834386954
896,2013-07-13,4760.388150638071
897,2013-07-14,4486.776910956823
898,2013-07-15,2708.4942006226283
899,2013-07-16,2661.059233026664
900,2013-07-17,2772.328680528901
901,2013-07-18,2927.1226318211698
902,2013-07-19,3607.9795350721233
903,2013-07-20,4663.076374593964
904,2013-07-21,4477.037587989984
905,2013-07-22,2926.5418336454118
906,2013-07-23,2799.2805653741543
907,2013-07-24,2727.214531059817
908,2013-07-25,2566.194012194584
909,2013-07-26,3518.979088355939
910,2013-07-27,4638.169621122618
911,2013-07-28,4236.806063558861
912,2013-07-29,2717.2439584728504
913,2013-07-30,2760.9862868682567
914,2013-07-31,2823.0577025249545
915,2013-08-01,3302.862377810501
916,2013-08-02,3689.2671006802284
917,2013-08-03,4576.576410382143
918,2013-08-04,4500.550579293344
919,2013-08-05,2945.701428730011
920,2013-08-06,2931.9564125624142
921,2013-08-07,2842.258060291868
922,2013-08-08,3327.302254894959
923,2013-08-09,3754.572393101108
924,2013-08-10,4796.269315233756
925,2013-08-11,4589.9268063307
926,2013-08-12,3281.3861965633987
927,2013-08-13,2966.7218405025765
928,2013-08-14,2966.883627532885
929,2013-08-15,3024.9456750665076
930,2013-08-16,3691.610034132672
931,2013-08-17,4708.967767553133
932,2013-08-18,4548.3606412104655
933,2013-08-19,3000.750098749182
934,2013-08-20,2922.4468438474205
935,2013-08-21,2930.315196454075
936,2013-08-22,2989.2280380193083
937,2013-08-23,3660.5336839103284
938,2013-08-24,4638.539525918212
939,2013-08-25,4458.226634315717
940,2013-08-26,2920.2606074384003
941,2013-08-27,2825.5723356834724
942,2013-08-28,2826.7186931876513
943,2013-08-29,2898.139739281362
944,2013-08-30,3614.7710977336833
945,2013-08-31,4620.256354010902
946,2013-09-01,4604.882166512202
947,2013-09-02,4349.8587840301925
948,2013-09-03,2917.3694892519466
949,2013-09-04,2879.14055219371
950,2013-09-05,2916.9664860818643
951,2013-09-06,3611.8734901898165
952,2013-09-07,4641.621438181801
953,2013-09-08,4501.48806131815
954,2013-09-09,2984.681615129802
955,2013-09-10,2898.27383000653
956,2013-09-11,2806.6053597281834
957,2013-09-12,2880.953700273411
958,2013-09-13,3555.4816017748744
959,2013-09-14,4584.64215045731
960,2013-09-15,4427.543049451089
961,2013-09-16,2854.9613093358325
962,2013-09-17,2739.3335070708536
963,2013-09-18,2743.083261379653
964,2013-09-19,2841.57540641264
965,2013-09-20,3551.459117714772
966,2013-09-21,4581.999838423697
967,2013-09-22,4473.7956863407135
968,2013-09-23,2894.0285348423763
969,2013-09-24,2779.614229594055
970,2013-09-25,2777.068989900906
971,2013-09-26,2861.8299862819395
972,2013-09-27,3581.069158136869
973,2013-09-28,4616.528006897782
974,2013-09-29,4466.847077265835
975,2013-09-30,2939.3243061996673
976,2013-10-01,2942.3424526156355
977,2013-10-02,2938.963311211262
978,2013-10-03,2989.835802251006
979,2013-10-04,3642.4020931631158
980,2013-10-05,4602.111180901173
981,2013-10-06,4440.59301458678
982,2013-10-07,2879.8524297830872
983,2013-10-08,2781.2244843262574
984,2013-10-09,2783.2279804085456
985,2013-10-10,2853.0967631670405
986,2013-10-11,3427.4062709240197
987,2013-10-12,4461.550055679459
988,2013-10-13,4274.20490466869
989,2013-10-14,2821.262775970213
990,2013-10-15,2622.1175724388913
991,2013-10-16,2582.3629966406284
992,2013-10-17,2619.493464021252
993,2013-10-18,3293.582090974089
994,2013-10-19,4341.407568024994
995,2013-10-20,4213.245973276143
996,2013-10-21,2703.402348462606
997,2013-10-22,2604.5770768552134
998,2013-10-23,2580.3368953005192
999,2013-10-24,2624.9576919961874
1000,2013-10-25,3306.0678678375134
1001,2013-10-26,4356.584941980786
1002,2013-10-27,4194.313050331734
1003,2013-10-28,2666.2117754153023
1004,2013-10-29,2569.4240526960352
1005,2013-10-30,2566.137083965887
1006,2013-10-31,2638.521419458423
1007,2013-11-01,3429.375137985598
1008,2013-11-02,4438.2745565789555
1009,2013-11-03,4273.253754987345
1010,2013-11-04,2672.5392863912684
1011,2013-11-05,2528.079546116607
1012,2013-11-06,2498.6632475832453
1013,2013-11-07,2565.532174459488
1014,2013-11-08,3287.197842217907
1015,2013-11-09,4330.624601982806
1016,2013-11-10,4184.225224481984
1017,2013-11-11,2762.4430812756405
1018,2013-11-12,2429.6758444443954
1019,2013-11-13,2423.3109213865478
1020,2013-11-14,2483.142471373349
1021,2013-11-15,2929.826844813821
1022,2013-11-16,4164.211483510264
1023,2013-11-17,4004.7678483981817
1024,2013-11-18,2447.5132730640757
1025,2013-11-19,2371.591712448116
1026,2013-11-20,2394.9750411909017
1027,2013-11-21,2475.2798101755575
1028,2013-11-22,2932.0961270442317
1029,2013-11-23,4172.842576974659
1030,2013-11-24,4015.2440243532
1031,2013-11-25,2423.0812266159005
1032,2013-11-26,2326.135951818201
1033,2013-11-27,2330.3249124316967
1034,2013-11-28,1463.465720958466
1035,2013-11-29,2882.4341729379184
1036,2013-11-30,4166.662984192295
1037,2013-12-01,4132.5144468605995
1038,2013-12-02,2558.4417433307885
1039,2013-12-03,2449.0244447178943
1040,2013-12-04,2421.4011841146485
1041,2013-12-05,2465.638791705966
1042,2013-12-06,2929.8301049826828
1043,2013-12-07,4225.641217490139
1044,2013-12-08,4096.0080503285435
1045,2013-12-09,2574.5826070979724
1046,2013-12-10,2510.871678217484
1047,2013-12-11,2441.3535638372214
1048,2013-12-12,2540.7310022505917
1049,2013-12-13,3271.6535402311447
1050,2013-12-14,4345.562999987021
1051,2013-12-15,4206.863623160194
1052,2013-12-16,2599.821306027222
1053,2013-12-17,2480.7471330334306
1054,2013-12-18,2474.3460400314593
1055,2013-12-19,2563.989422209037
1056,2013-12-20,3315.8490610239983
1057,2013-12-21,4369.560714248478
1058,2013-12-22,4212.86640717787
1059,2013-12-23,2582.0518511990795
1060,2013-12-24,2431.785127946222
1061,2013-12-25,-454.2274293124246
1062,2013-12-26,2442.5849272930595
1063,2013-12-27,2913.9100046274884
1064,2013-12-28,4173.124689606283
1065,2013-12-29,4025.9784798520686
1066,2013-12-30,2421.828795313185
1067,2013-12-31,2311.334588829726
1068,2014-01-01,2010.7715477334968
1069,2014-01-02,2460.996976976563
1070,2014-01-03,2917.567382584722
1071,2014-01-04,4165.412326366373
1072,2014-01-05,3999.7764205256635
1073,2014-01-06,2388.6080875922576
1074,2014-01-07,2303.878592698581
1075,2014-01-08,2334.7996400141124
1076,2014-01-09,2444.3464470869417
1077,2014-01-10,2961.242708654758
1078,2014-01-11,4178.826610446909
1079,2014-01-12,4059.2028245391903
1080,2014-01-13,2473.310166661399
1081,2014-01-14,2374.629646608917
1082,2014-01-15,2359.8328072197437
1083,2014-01-16,2413.151994528719
1084,2014-01-17,2889.9848748048885
1085,2014-01-18,4212.917373181492
1086,2014-01-19,4085.199822523632
1087,2014-01-20,3348.240417786829
1088,2014-01-21,2401.062213442837
1089,2014-01-22,2377.4874061465634
1090,2014-01-23,2415.8990758486493
1091,2014-01-24,2876.082199537333
1092,2014-01-25,4183.172902007276
1093,2014-01-26,4017.407196772915
1094,2014-01-27,2416.411179867359
1095,2014-01-28,2317.1637241118783
1096,2014-01-29,2317.0075387259053
1097,2014-01-30,2400.1834763405063
1098,2014-01-31,2906.7141015640473
1099,2014-02-01,4320.747764250145
1100,2014-02-02,4167.935687815682
1101,2014-02-03,2529.911722448555
1102,2014-02-04,2397.0738708582585
1103,2014-02-05,2378.384004386058
1104,2014-02-06,2462.4481841004745
1105,2014-02-07,2986.687072772243
1106,2014-02-08,4350.480695813949
1107,2014-02-09,4212.629567164429
1108,2014-02-10,2610.154478566379
1109,2014-02-11,2418.617418814189
1110,2014-02-12,2425.2169743108943
1111,2014-02-13,2502.108842457966
1112,2014-02-14,2985.337525457091
1113,2014-02-15,4268.671879240397
1114,2014-02-16,4113.4263324225285
1115,2014-02-17,3362.161828884236
1116,2014-02-18,2368.3526175336206
1117,2014-02-19,2393.27424309372
1118,2014-02-20,2485.6460950872734
1119,2014-02-21,2976.201314555742
1120,2014-02-22,4265.118597981635
1121,2014-02-23,4076.4742077914575
1122,2014-02-24,2435.232786360485
1123,2014-02-25,2331.671479125179
1124,2014-02-26,2341.381995805373
1125,2014-02-27,2429.554646990167
1126,2014-02-28,2934.0824555645386
1127,2014-03-01,4350.079857647104
1128,2014-03-02,4231.616342273933
1129,2014-03-03,2609.9941570862948
1130,2014-03-04,2505.546394148834
1131,2014-03-05,2481.5398245735246
1132,2014-03-06,2521.101308447008
1133,2014-03-07,2980.580318518808
1134,2014-03-08,4278.769183007882
1135,2014-03-09,4124.643916603789
1136,2014-03-10,2534.173679381878
1137,2014-03-11,2348.4075601403983
1138,2014-03-12,2354.3067962165046
1139,2014-03-13,2431.06026307538
1140,2014-03-14,2921.8620596606174
1141,2014-03-15,4219.3788671301545
1142,2014-03-16,4060.681941247888
1143,2014-03-17,2422.373573855692
1144,2014-03-18,2286.6158471858776
1145,2014-03-19,2263.847341493324
1146,2014-03-20,2343.5210246982097
1147,2014-03-21,2860.9083856951697
1148,2014-03-22,4191.259662044441
1149,2014-03-23,4077.41877569147
1150,2014-03-24,2452.2515968318708
1151,2014-03-25,2329.842541071303
1152,2014-03-26,2313.2243048532264
1153,2014-03-27,2391.09141262408
1154,2014-03-28,2896.662847661096
1155,2014-03-29,4199.653948059923
1156,2014-03-30,4080.1424462130135
1157,2014-03-31,2499.8536094237506
1158,2014-04-01,2509.274122492357
1159,2014-04-02,2520.4682843126775
1160,2014-04-03,2599.6898162998978
1161,2014-04-04,3283.3998199179705
1162,2014-04-05,4311.203022146455
1163,2014-04-06,4147.156745726427
1164,2014-04-07,2511.6812487905636
1165,2014-04-08,2398.394575432523
1166,2014-04-09,2402.1946804068675
1167,2014-04-10,2487.855185201711
1168,2014-04-11,2878.634323616986
1169,2014-04-12,4164.54804716985
1170,2014-04-13,4000.1126347283225
1171,2014-04-14,2424.596546865315
1172,2014-04-15,2313.736152264014
1173,2014-04-16,2289.057674921978
1174,2014-04-17,2331.282344702553
1175,2014-04-18,2782.415064180762
1176,2014-04-19,4026.566246542938
1177,2014-04-20,3940.0796848145833
1178,2014-04-21,2382.989342451803
1179,2014-04-22,2409.890430537751
1180,2014-04-23,2304.7438627857987
1181,2014-04-24,2356.18563078509
1182,2014-04-25,2805.3351073425756
1183,2014-04-26,4077.1295654034197
1184,2014-04-27,3914.5110234850067
1185,2014-04-28,2366.9036877139665
1186,2014-04-29,2276.831549721914
1187,2014-04-30,2277.6224237897823
1188,2014-05-01,2445.8346959035525
1189,2014-05-02,2918.9820378223008
1190,2014-05-03,4184.460253763431
1191,2014-05-04,4116.802346448871
1192,2014-05-05,2433.740369491378
1193,2014-05-06,2312.1211867711663
1194,2014-05-07,2272.072811930263
1195,2014-05-08,2324.7867077850888
1196,2014-05-09,2792.252634433901
1197,2014-05-10,3919.4988744903426
1198,2014-05-11,3009.614880519032
1199,2014-05-12,2343.768674610652
1200,2014-05-13,2244.760612671197
1201,2014-05-14,2254.279338693057
1202,2014-05-15,2333.603988226562
1203,2014-05-16,2790.43521744491
1204,2014-05-17,3983.048294367107
1205,2014-05-18,3849.1358105164677
1206,2014-05-19,2334.8630682129974
1207,2014-05-20,2254.366769582245
1208,2014-05-21,2285.7768321889025
1209,2014-05-22,2389.061811336198
1210,2014-05-23,2854.6475321646317
1211,2014-05-24,3620.734750271533
1212,2014-05-25,3304.874324302551
1213,2014-05-26,3344.505263996693
1214,2014-05-27,2288.0200818223093
1215,2014-05-28,2292.040242594136
1216,2014-05-29,2369.201751565841
1217,2014-05-30,2816.799240213216
1218,2014-05-31,4025.98575784815
1219,2014-06-01,3970.7786791921812
1220,2014-06-02,2511.585002436942
1221,2014-06-03,2423.0332455678335
1222,2014-06-04,2437.541714072496
1223,2014-06-05,2499.619562370175
1224,2014-06-06,2907.8460996684366
1225,2014-06-07,4061.156427085396
1226,2014-06-08,3939.2598424045345
1227,2014-06-09,2558.2515125683
1228,2014-06-10,2480.3630423938657
1229,2014-06-11,2450.7302603354187
1230,2014-06-12,2521.6109696678927
1231,2014-06-13,2890.5513206726782
1232,2014-06-14,3811.7868543934346
1233,2014-06-15,3473.6035973640346
1234,2014-06-16,2630.755532754222
1235,2014-06-17,2492.580448971228
1236,2014-06-18,2483.8809723095746
1237,2014-06-19,2555.7803949335516
1238,2014-06-20,3005.262254078157
1239,2014-06-21,4186.609581487313
1240,2014-06-22,4103.729126257213
1241,2014-06-23,2672.089469144973
1242,2014-06-24,2562.6681394511984
1243,2014-06-25,2533.3714687464217
1244,2014-06-26,2579.2290057944
1245,2014-06-27,2693.0706387645064
1246,2014-06-28,3911.564064555846
1247,2014-06-29,3997.785103840294
1248,2014-06-30,2507.386792922048
1249,2014-07-01,2568.8287651138676
1250,2014-07-02,2645.074855392545
1251,2014-07-03,2699.694024000602
1252,2014-07-04,2840.228236789527
1253,2014-07-05,3895.3810145359175
1254,2014-07-06,3812.7319295549905
1255,2014-07-07,2511.854690094882
1256,2014-07-08,2504.487831905434
1257,2014-07-09,2487.5891649291825
1258,2014-07-10,2572.8369019412203
1259,2014-07-11,2865.143971102339
1260,2014-07-12,4001.2750983293136
1261,2014-07-13,3901.766332389672
1262,2014-07-14,2510.9017133047223
1263,2014-07-15,2259.247453787111
1264,2014-07-16,2467.204790208283
1265,2014-07-17,2577.6403571462256
1266,2014-07-18,2731.957175475164
1267,2014-07-19,3842.915922800544
1268,2014-07-20,3820.0130668039474
1269,2014-07-21,2535.291574461594
1270,2014-07-22,2520.8305643452245
1271,2014-07-23,2413.0377893458362
1272,2014-07-24,2340.6586673954307
1273,2014-07-25,2771.703128361422
1274,2014-07-26,3835.6909112632
1275,2014-07-27,3760.5648263446337
1276,2014-07-28,2360.5947860122797
1277,2014-07-29,2401.962148432465
1278,2014-07-30,2322.9691631240084
1279,2014-07-31,2381.953649541052
1280,2014-08-01,2853.7986746482375
1281,2014-08-02,3938.5554734356974
1282,2014-08-03,3813.774363538778
1283,2014-08-04,2502.9805860046476
1284,2014-08-05,2403.0568837504097
1285,2014-08-06,2378.409571368803
1286,2014-08-07,2424.7363865679768
1287,2014-08-08,2814.107755219336
1288,2014-08-09,3913.2372887527
1289,2014-08-10,3811.2723395723883
1290,2014-08-11,2449.6108837920883
1291,2014-08-12,2381.80015258115
1292,2014-08-13,2387.5582052359673
1293,2014-08-14,2449.6861210727625
1294,2014-08-15,2824.0287514167317
1295,2014-08-16,3866.570588535963
1296,2014-08-17,3727.0643239874416
1297,2014-08-18,2406.8883741035393
1298,2014-08-19,2314.2293601325073
1299,2014-08-20,2316.3143850617757
1300,2014-08-21,2386.3893057510904
1301,2014-08-22,2764.6038957543387
1302,2014-08-23,3790.5572804928015
1303,2014-08-24,3640.8728581617424
1304,2014-08-25,2353.7936614561227
1305,2014-08-26,2259.322182510184
1306,2014-08-27,2255.2005629978617
1307,2014-08-28,2317.956422348651
1308,2014-08-29,2694.3305165668685
1309,2014-08-30,3726.6019879503247
1310,2014-08-31,3632.3614365020403
1311,2014-09-01,3531.879016657594
1312,2014-09-02,2360.8366622491308
1313,2014-09-03,2353.313579436598
1314,2014-09-04,2389.337838396243
1315,2014-09-05,2729.9893109918307
1316,2014-09-06,3734.4391476409137
1317,2014-09-07,3622.941080244026
1318,2014-09-08,2341.0783045682365
1319,2014-09-09,2274.014182139822
1320,2014-09-10,2282.7700104642277
1321,2014-09-11,2269.630275579332
1322,2014-09-12,2644.2712819476646
1323,2014-09-13,3698.7914941330337
1324,2014-09-14,3564.9523337266487
1325,2014-09-15,2287.977035350001
1326,2014-09-16,2190.987211285028
1327,2014-09-17,2166.9218037515852
1328,2014-09-18,2211.822521478766
1329,2014-09-19,2594.6778740949617
1330,2014-09-20,3674.3166180407547
1331,2014-09-21,3585.5614071619552
1332,2014-09-22,2319.7558035561806
1333,2014-09-23,2238.7168850161183
1334,2014-09-24,2224.039875695002
1335,2014-09-25,2272.6032333162007
1336,2014-09-26,2653.2506343374876
1337,2014-09-27,3706.295160181182
1338,2014-09-28,3608.14340748165
1339,2014-09-29,2349.946807256413
1340,2014-09-30,2278.1031195759097
1341,2014-10-01,2359.566687578436
1342,2014-10-02,2424.0209232157663
1343,2014-10-03,2801.2556825423044
1344,2014-10-04,3818.409863309491
1345,2014-10-05,3695.1022210199817
1346,2014-10-06,2364.1802648219336
1347,2014-10-07,2252.277705945254
1348,2014-10-08,2234.6691843774634
1349,2014-10-09,2291.3310608826955
1350,2014-10-10,2673.4481744569885
1351,2014-10-11,3649.053870676156
1352,2014-10-12,3540.3258795588063
1353,2014-10-13,2293.7368576313074
1354,2014-10-14,2145.755861775893
1355,2014-10-15,2132.1193411864615
1356,2014-10-16,2169.974074782836
1357,2014-10-17,2522.8104478450746
1358,2014-10-18,3568.5069910276243
1359,2014-10-19,3415.3776392584246
1360,2014-10-20,2153.151512089676
1361,2014-10-21,2098.390490043976
1362,2014-10-22,2115.3469573695006
1363,2014-10-23,2174.2885907902064
1364,2014-10-24,2539.197720446337
1365,2014-10-25,3589.5973773078435
1366,2014-10-26,3448.0472970658493
1367,2014-10-27,2158.3221008325786
1368,2014-10-28,2086.2915307201383
1369,2014-10-29,2090.114037901151
1370,2014-10-30,2148.4311994407
1371,2014-10-31,2529.669546839414
1372,2014-11-01,3684.826710080798
1373,2014-11-02,3553.06037739701
1374,2014-11-03,2238.0253618286274
1375,2014-11-04,2127.957231012618
1376,2014-11-05,2085.2043552340897
1377,2014-11-06,2104.8756040229937
1378,2014-11-07,2465.3565685411913
1379,2014-11-08,3544.06147918184
1380,2014-11-09,3424.390408207125
1381,2014-11-10,2121.660474017316
1382,2014-11-11,2156.2703791035397
1383,2014-11-12,1964.089765841089
1384,2014-11-13,2022.4357640020003
1385,2014-11-14,2405.9740300412354
1386,2014-11-15,3470.8693959421325
1387,2014-11-16,3318.218002085295
1388,2014-11-17,1999.3942876540339
1389,2014-11-18,1904.1321266019042
1390,2014-11-19,1906.579975074145
1391,2014-11-20,1986.6167712868303
1392,2014-11-21,2396.1144770345013
1393,2014-11-22,3471.053728820479
1394,2014-11-23,3369.009303600107
1395,2014-11-24,2011.1097595106626
1396,2014-11-25,1908.857890153526
1397,2014-11-26,1898.7659682907263
1398,2014-11-27,1193.5262755636127
1399,2014-11-28,2355.967149103896
1400,2014-11-29,3436.4564921288634
1401,2014-11-30,3326.7280223160633
1402,2014-12-01,2085.769690732722
1403,2014-12-02,2011.7266355982892
1404,2014-12-03,2014.0145037210752
1405,2014-12-04,2065.738784343246
1406,2014-12-05,2434.020585957227
1407,2014-12-06,3491.068675540099
1408,2014-12-07,3365.3513428635147
1409,2014-12-08,2047.0296526371953
1410,2014-12-09,1990.731096992364
1411,2014-12-10,2020.367899299096
1412,2014-12-11,2029.2234497742816
1413,2014-12-12,2441.9822443813755
1414,2014-12-13,3554.815199763513
1415,2014-12-14,3465.7314217837843
1416,2014-12-15,2128.6869330159316
1417,2014-12-16,2044.1288409672593
1418,2014-12-17,2028.0260024537322
1419,2014-12-18,2072.0804322602035
1420,2014-12-19,2460.3582391437767
1421,2014-12-20,3578.6380308716975
1422,2014-12-21,3463.407208454096
1423,2014-12-22,2144.622871709492
1424,2014-12-23,2051.5224291890736
1425,2014-12-24,2018.7725175053401
1426,2014-12-25,-268.6149843734476
1427,2014-12-26,2407.6111942482503
1428,2014-12-27,3466.0831071933385
1429,2014-12-28,3369.236714172996
1430,2014-12-29,2019.7706138525061
1431,2014-12-30,1927.961670720446
1432,2014-12-31,1918.1622454762603
1433,2015-01-01,1738.7904372033986
1434,2015-01-02,2448.542754968847
1435,2015-01-03,3552.9564893690736
1436,2015-01-04,3396.772193681301
1437,2015-01-05,2025.4889026344845
1438,2015-01-06,1917.453545331664
1439,2015-01-07,1907.5463003008008
1440,2015-01-08,1980.9283927792135
1441,2015-01-09,2401.8218106561617
1442,2015-01-10,3520.7667543714033
1443,2015-01-11,3335.6732044010923
1444,2015-01-12,2017.496119701298
1445,2015-01-13,1946.385124861251
1446,2015-01-14,1952.2816184305057
1447,2015-01-15,2010.915791713021
1448,2015-01-16,2392.344214228045
1449,2015-01-17,3477.8386715763586
1450,2015-01-18,3335.6399116164757
1451,2015-01-19,2493.6422764624253
1452,2015-01-20,1924.435461003849
1453,2015-01-21,1940.4633500619948
1454,2015-01-22,2004.1912048300912
1455,2015-01-23,2383.5181471886467
1456,2015-01-24,3438.75070493934
1457,2015-01-25,3312.573678016426
1458,2015-01-26,1948.5617388226706
1459,2015-01-27,1866.6702971254024
1460,2015-01-28,1870.599726485919
1461,2015-01-29,1935.9048706859282
1462,2015-01-30,2338.4505136825665
1463,2015-01-31,3441.6825899228006
1464,2015-02-01,3439.8354437958524
1465,2015-02-02,2076.256531937707
1466,2015-02-03,1987.0449523874584
1467,2015-02-04,1965.6581765845726
1468,2015-02-05,2002.2443597116064
1469,2015-02-06,2388.4933879671053
1470,2015-02-07,3487.774660888751
1471,2015-02-08,3390.9332395789907
1472,2015-02-09,2071.3695308600027
1473,2015-02-10,2007.8150249899033
1474,2015-02-11,1937.5738103429649
1475,2015-02-12,2008.148693249235
1476,2015-02-13,2416.704448230358
1477,2015-02-14,3529.5920204814224
1478,2015-02-15,3377.222240127491
1479,2015-02-16,2545.553425250959
1480,2015-02-17,1905.9322734338525
1481,2015-02-18,1897.1498573336985
1482,2015-02-19,1972.4859825583549
1483,2015-02-20,2400.748814603893
1484,2015-02-21,3544.521633894674
1485,2015-02-22,3412.3066654877302
1486,2015-02-23,2029.3189514079409
1487,2015-02-24,1923.323241303583
1488,2015-02-25,1910.9423715115784
1489,2015-02-26,1977.6135078276825
1490,2015-02-27,2398.419435151772
1491,2015-02-28,3532.7835083266796
1492,2015-03-01,3502.5418801588703
1493,2015-03-02,2143.721033873549
1494,2015-03-03,2070.78319264432
1495,2015-03-04,2079.3672836041633
1496,2015-03-05,2141.796690016891
1497,2015-03-06,2532.8491344520294
1498,2015-03-07,3616.288140821482
1499,2015-03-08,3507.117222334746
1500,2015-03-09,2078.089781025809
1501,2015-03-10,1994.3488932540213
1502,2015-03-11,1922.4462784671252
1503,2015-03-12,1997.6656307447945
1504,2015-03-13,2417.1397635665235
1505,2015-03-14,3562.3308779910394
1506,2015-03-15,3429.668059098811
1507,2015-03-16,2034.2821585305155
1508,2015-03-17,1937.4715986798278
1509,2015-03-18,1915.063576147322
1510,2015-03-19,1955.7807506737138
1511,2015-03-20,2362.502653041621
1512,2015-03-21,3522.1809869976914
1513,2015-03-22,3422.2612804990013
1514,2015-03-23,2055.9064110739287
1515,2015-03-24,1990.755046733833
1516,2015-03-25,1991.0948454106508
1517,2015-03-26,2046.9801677605576
1518,2015-03-27,2466.525703185229
1519,2015-03-28,3643.118963779564
1520,2015-03-29,3536.133790895319
1521,2015-03-30,2139.5072984772205
1522,2015-03-31,2071.566563512685
1523,2015-04-01,2172.14709189445
1524,2015-04-02,2254.182179433555
1525,2015-04-03,2698.7596635370505
1526,2015-04-04,3880.442674742043
1527,2015-04-05,3733.523821899589
1528,2015-04-06,2276.9491769112306
1529,2015-04-07,2150.9172065728812
1530,2015-04-08,2121.4102447037
1531,2015-04-09,2179.332770499529
1532,2015-04-10,2533.1788794909858
1533,2015-04-11,3672.504312497439
1534,2015-04-12,3454.0198077326995
1535,2015-04-13,2160.862210482971
1536,2015-04-14,2070.759428907805
1537,2015-04-15,2069.061363377516
1538,2015-04-16,2131.643698292085
1539,2015-04-17,2555.0781727022086
1540,2015-04-18,3706.9192035012525
1541,2015-04-19,3574.3583086951085
1542,2015-04-20,2111.523435731025
1543,2015-04-21,2043.1569448540192
1544,2015-04-22,2077.897169854124
1545,2015-04-23,2175.4164115053222
1546,2015-04-24,2626.2412152447673
1547,2015-04-25,3833.1292751101637
1548,2015-04-26,3668.6313774107457
1549,2015-04-27,2189.728808874252
1550,2015-04-28,2107.5027744068166
1551,2015-04-29,2124.1945748319536
1552,2015-04-30,2209.1446157860078
1553,2015-05-01,2757.6946581742345
1554,2015-05-02,3982.0027403702106
1555,2015-05-03,3835.0661078487356
1556,2015-05-04,2463.2146227622457
1557,2015-05-05,2268.0081992306505
1558,2015-05-06,2263.5480965540296
1559,2015-05-07,2301.193632367379
1560,2015-05-08,2725.5713829466895
1561,2015-05-09,3836.30051043604
1562,2015-05-10,3002.2512196131506
1563,2015-05-11,2264.620420535534
1564,2015-05-12,2185.049856614663
1565,2015-05-13,2207.896901317248
1566,2015-05-14,2299.8329359498416
1567,2015-05-15,2781.189443711692
1568,2015-05-16,4040.886687246348
1569,2015-05-17,3918.9435809449287
1570,2015-05-18,2391.0063432781276
1571,2015-05-19,2288.068947500926
1572,2015-05-20,2290.003137176937
1573,2015-05-21,2387.2713678492437
1574,2015-05-22,2898.4673566368224
1575,2015-05-23,3750.607146223041
1576,2015-05-24,3440.269398476145
1577,2015-05-25,3506.8184978297786
1578,2015-05-26,2436.499861973772
1579,2015-05-27,2423.671217329725
1580,2015-05-28,2500.415844378287
1581,2015-05-29,2990.0665471907287
1582,2015-05-30,4281.498089052724
1583,2015-05-31,4149.973924423031
1584,2015-06-01,2700.3770744403587
1585,2015-06-02,2616.3461592704803
1586,2015-06-03,2661.997785035945
1587,2015-06-04,2770.916037844776
1588,2015-06-05,3463.322258130683
1589,2015-06-06,4480.1496633680845
1590,2015-06-07,4339.171770966254
1591,2015-06-08,2797.792375678089
1592,2015-06-09,2691.090000505232
1593,2015-06-10,2759.184621853768
1594,2015-06-11,2760.647963280295
1595,2015-06-12,3528.0295186544813
1596,2015-06-13,4359.522297800629
1597,2015-06-14,4397.602394336499
1598,2015-06-15,2999.8405353496205
1599,2015-06-16,2801.8079369033453
1600,2015-06-17,2805.4236433968294
1601,2015-06-18,2921.476866272059
1602,2015-06-19,3548.481837793512
1603,2015-06-20,4482.467112189697
1604,2015-06-21,4191.515721650584
1605,2015-06-22,3361.92717572106
1606,2015-06-23,2909.4427175060227
1607,2015-06-24,2708.7858570670046
1608,2015-06-25,2848.784369349393
1609,2015-06-26,3720.5224584992475
1610,2015-06-27,4913.690131811683
1611,2015-06-28,4739.331008996516
1612,2015-06-29,3341.782333315503
1613,2015-06-30,2972.4783381060547
1614,2015-07-01,3323.8717552214453
1615,2015-07-02,3421.645694129984
1616,2015-07-03,5401.4079089537
1617,2015-07-04,4680.52344532909
1618,2015-07-05,4981.677616255723
1619,2015-07-06,3629.079263768791
1620,2015-07-07,2998.743763331263
1621,2015-07-08,3013.179719562808
1622,2015-07-09,3465.533207703465
1623,2015-07-10,4056.2152947036034
1624,2015-07-11,5174.258707937795
1625,2015-07-12,4946.104899766043
1626,2015-07-13,3382.9780143100515
1627,2015-07-14,3401.6602577520307
1628,2015-07-15,3453.0873866012203
1629,2015-07-16,3629.787192838734
1630,2015-07-17,4026.63059548697
1631,2015-07-18,5276.621070493273
1632,2015-07-19,4987.704432846156
1633,2015-07-20,3517.3547700923573
1634,2015-07-21,3399.625482972725
1635,2015-07-22,3419.926015233036
1636,2015-07-23,3536.6553937637127
1637,2015-07-24,4042.058532213854
1638,2015-07-25,5169.288159358287
1639,2015-07-26,4980.587445441406
1640,2015-07-27,3455.306324532623
1641,2015-07-28,3337.138820402886
1642,2015-07-29,3349.1637697484857
1643,2015-07-30,3447.3231441958364
1644,2015-07-31,3986.219185999444
1645,2015-08-01,5278.613982354235
1646,2015-08-02,5138.494622377028
1647,2015-08-03,3675.927107764741
1648,2015-08-04,3585.1676238667105
1649,2015-08-05,3581.5430160909686
1650,2015-08-06,3640.8862212959193
1651,2015-08-07,4169.501366750112
1652,2015-08-08,5348.939983992989
1653,2015-08-09,5197.1196675496885
1654,2015-08-10,3734.7330235070463
1655,2015-08-11,3564.4064334497652
1656,2015-08-12,3571.305273039975
1657,2015-08-13,3688.1022810018358
1658,2015-08-14,4268.619150101368
1659,2015-08-15,5471.880872920548
1660,2015-08-16,5306.879658717805
1661,2015-08-17,3787.7119524068344
1662,2015-08-18,3643.9347286452708
1663,2015-08-19,3610.301390803187
1664,2015-08-20,3693.232312747201
1665,2015-08-21,4261.82015718299
1666,2015-08-22,5495.229065090131
1667,2015-08-23,5356.522244709133
1668,2015-08-24,3811.965103645475
1669,2015-08-25,3674.451774266235
1670,2015-08-26,3651.43402230811
1671,2015-08-27,3690.1971628494084
1672,2015-08-28,4258.17526084207
1673,2015-08-29,5489.557529464813
1674,2015-08-30,5360.115483001472
1675,2015-08-31,3783.679526379914
1676,2015-09-01,3792.571237988854
1677,2015-09-02,3784.1254901119073
1678,2015-09-03,3871.729111816172
1679,2015-09-04,4441.201876457744
1680,2015-09-05,5637.491815087374
1681,2015-09-06,5411.285662118706
1682,2015-09-07,5074.767273712065
1683,2015-09-08,3609.6617925398123
1684,2015-09-09,3630.6596599625536
1685,2015-09-10,3714.3135853449985
1686,2015-09-11,4179.177096565557
1687,2015-09-12,5415.886997667022
1688,2015-09-13,5259.863645500323
1689,2015-09-14,3648.067513832897
1690,2015-09-15,3545.357482693833
1691,2015-09-16,3509.3331134661257
1692,2015-09-17,3590.2508856076593
1693,2015-09-18,4121.087341068181
1694,2015-09-19,5390.577127290018
1695,2015-09-20,5226.712502324441
1696,2015-09-21,3642.3067029567865
1697,2015-09-22,3587.547138638719
1698,2015-09-23,3622.485700770492
1699,2015-09-24,3724.24625857929
1700,2015-09-25,4289.069955371342
1701,2015-09-26,5548.76918013885
1702,2015-09-27,5380.08352710697
1703,2015-09-28,3789.2570745789903
1704,2015-09-29,3712.455723244058
1705,2015-09-30,3718.0305356854574
1706,2015-10-01,3948.8742780668417
1707,2015-10-02,4549.114006861324
1708,2015-10-03,5844.197832471975
1709,2015-10-04,5660.195640393941
1710,2015-10-05,4007.886163278331
1711,2015-10-06,3812.6515621263875
1712,2015-10-07,3751.3776461360185
1713,2015-10-08,3775.7115074746616
1714,2015-10-09,4357.995900674441
1715,2015-10-10,5653.741637869525
1716,2015-10-11,5368.340182003262
1717,2015-10-12,3816.642796416517
1718,2015-10-13,3554.8967867494557
1719,2015-10-14,3557.695400716317
1720,2015-10-15,3648.297381498635
1721,2015-10-16,4231.078300288928
1722,2015-10-17,5499.381004751347
1723,2015-10-18,5309.4951328228235
1724,2015-10-19,3596.9461273963025
1725,2015-10-20,3453.670441689921
1726,2015-10-21,3487.8056623995744
1727,2015-10-22,3633.3860045484153
1728,2015-10-23,4255.484620571604
1729,2015-10-24,5601.615717553015
1730,2015-10-25,5391.987162770637
1731,2015-10-26,3664.0791244261654
1732,2015-10-27,3522.5053451425074
1733,2015-10-28,3522.6192641759576
1734,2015-10-29,3620.1626922098035
1735,2015-10-30,4248.537837457541
1736,2015-10-31,5589.531230590178
1737,2015-11-01,5550.608759715845
1738,2015-11-02,3798.4135678929188
1739,2015-11-03,3696.4770695037596
1740,2015-11-04,3688.205491517613
1741,2015-11-05,3705.902725352231
1742,2015-11-06,4263.2008705036005
1743,2015-11-07,5560.713503270649
1744,2015-11-08,5336.153718114405
1745,2015-11-09,3587.2240285436346
1746,2015-11-10,3487.1511159260285
1747,2015-11-11,3672.4255966346136
1748,2015-11-12,3475.2609030357903
1749,2015-11-13,4096.22046626701
1750,2015-11-14,5463.883857349059
1751,2015-11-15,5294.847161484951
1752,2015-11-16,3537.3124552167073
1753,2015-11-17,3373.043682201544
1754,2015-11-18,3329.008834680391
1755,2015-11-19,3388.7257892124962
1756,2015-11-20,4064.6775245182434
1757,2015-11-21,5499.113670941952
1758,2015-11-22,5326.176458661817
1759,2015-11-23,3578.956711848882
1760,2015-11-24,3443.993571016763
1761,2015-11-25,3398.529896052493
1762,2015-11-26,1973.9673796199916
1763,2015-11-27,4099.2514640735735
1764,2015-11-28,5504.563327949455
1765,2015-11-29,5335.203134870507
1766,2015-11-30,3536.867898819569
1767,2015-12-01,3559.725167490385
1768,2015-12-02,3544.601599466589
1769,2015-12-03,3660.7173682184093
1770,2015-12-04,4332.944314549405
1771,2015-12-05,5704.333655864322
1772,2015-12-06,5494.458676549218
1773,2015-12-07,3656.1904811260583
1774,2015-12-08,3495.0846693020103
1775,2015-12-09,3508.3327712577543
1776,2015-12-10,3657.1493890400798
1777,2015-12-11,4236.334118267512
1778,2015-12-12,5702.375394849969
1779,2015-12-13,5536.636225124101
1780,2015-12-14,3723.378860191221
1781,2015-12-15,3645.412675364036
1782,2015-12-16,3682.096831665085
1783,2015-12-17,3741.8701500218203
1784,2015-12-18,4386.277272517285
1785,2015-12-19,5794.765142396652
1786,2015-12-20,5585.414638681426
1787,2015-12-21,3780.0834468250096
1788,2015-12-22,3693.5355168774768
1789,2015-12-23,3723.650154587453
1790,2015-12-24,3801.614310675502
1791,2015-12-25,286.536481331998
1792,2015-12-26,5821.039058796564
1793,2015-12-27,5570.441619045613
1794,2015-12-28,3695.5443976296765
1795,2015-12-29,3578.2239904789276
1796,2015-12-30,3569.9858305439884
1797,2015-12-31,3671.9469647135224
1798,2016-01-01,3925.6578820578115
1799,2016-01-02,5925.61656167504
1800,2016-01-03,5742.377689076846
1801,2016-01-04,3851.4097319467164
1802,2016-01-05,3692.705863313066
1803,2016-01-06,3639.0449454912978
1804,2016-01-07,3686.6483339001625
1805,2016-01-08,4357.513326469014
1806,2016-01-09,5855.943409947938
1807,2016-01-10,5688.968423771275
1808,2016-01-11,3708.427642941454
1809,2016-01-12,3604.425568017974
1810,2016-01-13,3598.563132177281
1811,2016-01-14,3719.6892056453266
1812,2016-01-15,4421.885138909694
1813,2016-01-16,5870.228442128702
1814,2016-01-17,5663.7981283617555
1815,2016-01-18,4566.591330842437
1816,2016-01-19,3528.5517945820525
1817,2016-01-20,3518.685564642998
1818,2016-01-21,3678.9724378232936
1819,2016-01-22,4389.163698313316
1820,2016-01-23,5887.4967536295935
1821,2016-01-24,5658.516988369163
1822,2016-01-25,3665.0410004248233
1823,2016-01-26,3481.6126172231334
1824,2016-01-27,3484.964590257482
1825,2016-01-28,3580.215752323579
1826,2016-01-29,4292.460028280312
1827,2016-01-30,5816.863338845302
1828,2016-01-31,5622.997242876565
1829,2016-02-01,3840.3684913378165
1830,2016-02-02,3707.6703601499403
1831,2016-02-03,3721.9599216339116
1832,2016-02-04,3831.8948465541207
1833,2016-02-05,4484.217883586713
1834,2016-02-06,5988.130309049602
1835,2016-02-07,5754.912974456115
1836,2016-02-08,3797.5718699586587
1837,2016-02-09,3668.5862004351693
1838,2016-02-10,3720.4416849528816
1839,2016-02-11,3722.772273176413
1840,2016-02-12,4456.087374266022
1841,2016-02-13,6009.220161211592
1842,2016-02-14,5814.6338795498095
1843,2016-02-15,4800.383573498137
1844,2016-02-16,3680.395993911454
1845,2016-02-17,3635.689949181009
1846,2016-02-18,3721.088230207527
1847,2016-02-19,4420.838724617853
1848,2016-02-20,6016.276523861511
1849,2016-02-21,5857.231837329693
1850,2016-02-22,3898.1248390161413
1851,2016-02-23,3744.035132352586
1852,2016-02-24,3713.756984176573
1853,2016-02-25,3806.117826954044
1854,2016-02-26,4516.5190507787975
1855,2016-02-27,6096.995164295997
1856,2016-02-28,5902.227602003449
1857,2016-02-29,3914.807388313466
1858,2016-03-01,3915.992415743961
1859,2016-03-02,3937.863766010152
1860,2016-03-03,4034.834676350193
1861,2016-03-04,4782.1760338793565
1862,2016-03-05,6373.60764981942
1863,2016-03-06,6108.988518141114
1864,2016-03-07,4000.145087525686
1865,2016-03-08,3766.689358336567
1866,2016-03-09,3732.8119733750837
1867,2016-03-10,3819.0358093280865
1868,2016-03-11,4427.147554151129
1869,2016-03-12,6027.002999208573
1870,2016-03-13,5823.097568146848
1871,2016-03-14,3745.6257850926177
1872,2016-03-15,3590.9145822840655
1873,2016-03-16,3559.468618906213
1874,2016-03-17,3664.350240836657
1875,2016-03-18,4379.148859949053
1876,2016-03-19,5937.265288585577
1877,2016-03-20,5721.891912883207
1878,2016-03-21,3642.066253338686
1879,2016-03-22,3571.7926072797363
1880,2016-03-23,3641.3873749155964
1881,2016-03-24,3789.9411678344195
1882,2016-03-25,4536.654472112836
1883,2016-03-26,6174.196730821685
1884,2016-03-27,5939.932976310189
1885,2016-03-28,3870.3721579931407
1886,2016-03-29,3763.5342286913237
1887,2016-03-30,3813.6240014517953
1888,2016-03-31,3960.5652763036505
1889,2016-04-01,4900.642949487992
1890,2016-04-02,6573.2813910033465
1891,2016-04-03,6354.992263118425
1892,2016-04-04,4280.274505449946
1893,2016-04-05,4093.1373480167877
1894,2016-04-06,4045.686066473678
1895,2016-04-07,4074.4022534774404
1896,2016-04-08,4785.490566622443
1897,2016-04-09,6424.545351965419
1898,2016-04-10,6211.761180685033
1899,2016-04-11,3954.926959083291
1900,2016-04-12,3820.0164792982014
1901,2016-04-13,3789.6719910795955
1902,2016-04-14,3915.929424781308
1903,2016-04-15,4686.925962433167
1904,2016-04-16,6343.235215442922
1905,2016-04-17,6107.982223267241
1906,2016-04-18,3927.6840825566787
1907,2016-04-19,3711.0970183960244
1908,2016-04-20,3723.6409112466645
1909,2016-04-21,3885.2270198265587
1910,2016-04-22,4736.131441734763
1911,2016-04-23,6456.764721606658
1912,2016-04-24,6258.904393936119
1913,2016-04-25,4060.9461462375402
1914,2016-04-26,3886.123467425215
1915,2016-04-27,3883.193897624343
1916,2016-04-28,3998.51231405468
1917,2016-04-29,4661.435460597487
1918,2016-04-30,6481.723930544533
1919,2016-05-01,6237.986141374234
1920,2016-05-02,4312.787161194464
1921,2016-05-03,4172.922031909851
1922,2016-05-04,4317.326715212255
1923,2016-05-05,4272.54230017281
1924,2016-05-06,5035.456994332051
1925,2016-05-07,6534.41030659659
1926,2016-05-08,5391.891077699108
1927,2016-05-09,4199.452462331734
1928,2016-05-10,4039.8845750390014
1929,2016-05-11,3915.3865856848497
1930,2016-05-12,4111.886627673064
1931,2016-05-13,4933.284559086456
1932,2016-05-14,6729.31958833242
1933,2016-05-15,6499.694247139756
1934,2016-05-16,4303.567990172145
1935,2016-05-17,4182.675737755935
1936,2016-05-18,4180.1220163678
1937,2016-05-19,4279.912950061171
1938,2016-05-20,5082.262107552359
1939,2016-05-21,6880.461795289712
1940,2016-05-22,6681.070444308923
1941,2016-05-23,4544.185316363556
1942,2016-05-24,4439.281016018722
1943,2016-05-25,4441.505464607466
1944,2016-05-26,4521.7060315837925
1945,2016-05-27,5316.845155887561
1946,2016-05-28,6281.297037406543
1947,2016-05-29,5803.616758237166
1948,2016-05-30,5923.925854094911
1949,2016-05-31,4498.007120190419
1950,2016-06-01,4711.532409593109
1951,2016-06-02,4912.4940985052845
1952,2016-06-03,5735.049069872368
1953,2016-06-04,7092.116764944893
1954,2016-06-05,6888.505435594647
1955,2016-06-06,4805.614123592498
1956,2016-06-07,4693.743062810766
1957,2016-06-08,4574.929677652132
1958,2016-06-09,4907.201727453748
1959,2016-06-10,5876.879790124404
1960,2016-06-11,7559.079866571049
1961,2016-06-12,7074.824188613513
1962,2016-06-13,4543.634224136502
1963,2016-06-14,4561.264511496493
1964,2016-06-15,4807.850940455872
1965,2016-06-16,5208.016531356152
1966,2016-06-17,5979.813520414592
1967,2016-06-18,7401.364950527895
1968,2016-06-19,6602.530445384545
